file_name,text
seval-torun-uioJv_1auHU-unsplash.jpg,a product shot of sks brand item
laura-chouette-8rl3jRgQIag-unsplash.jpg,a product shot of sks brand perfume
daniel-romero-PqgIvrRpo_I-unsplash.jpg,a product shot of sks brand item
christian-lambert-a_RAsfVUJrc-unsplash.jpg,a product shot of sks brand item
patrick-assale-jSWURGq0V8Q-unsplash.jpg,a product shot of sks brand item
amadej-tauses-T2afNvgK6vg-unsplash.jpg,a product shot of sks brand item
cut-collective-u94ywFnPedw-unsplash.jpg,a product shot of sks brand item
vlad-ciutacu-0E46gIzWx44-unsplash.jpg,a product shot of sks brand item
kt-likes-coffee-3N5puX79feQ-unsplash.jpg,a photo of sks brand coffee
tony-chen-5gYtz8kdyuE-unsplash.jpg,a product shot of sks brand item
studio-proper-0FIvDd0iFm8-unsplash.jpg,a product shot of sks brand item
laura-chouette-y_amenaeGFU-unsplash.jpg,a product shot of sks brand perfume
pexels-abdullahg-11573545.jpg,a product shot of sks brand item
mahdi-gharib-Ieg8FlnJUBA-unsplash.jpg,a product shot of sks brand item
sergey-kotenev-0aS63dLNh34-unsplash.jpg,a product shot of sks brand item
sayan-majhi-FFMcFwIUM5Y-unsplash.jpg,a product shot of sks brand item
zahrin-lukman-vOg8U-JK4Rw-unsplash.jpg,a product shot of sks brand item
pexels-evgeniya-kuzmina-88531454-10924445.jpg,a product shot of sks brand item
ravi-sharma-qC2cOGwUm1M-unsplash.jpg,a product shot of sks brand item
pexels-rafel-al-saadi-35142-180066.jpg,a product shot of sks brand item
jayy-torres-u9IT-Xw-6yY-unsplash.jpg,a product shot of sks brand item
sam-riz-uHIJRPa5d1s-unsplash.jpg,a product shot of sks brand item
andrea-guidera-mmqkA9uVTbA-unsplash.jpg,a product shot of sks brand item
dinker-gulati-qxwTns6lGpw-unsplash.jpg,a product shot of sks brand item
kobu-agency-4YMrFvN45L4-unsplash.jpg,a product shot of sks brand item
yunus-yildiz-kh0yto9mD8U-unsplash.jpg,a product shot of sks brand item
esra-korkmaz-KVKE1IenvGU-unsplash.jpg,a product shot of sks brand item
project-290-Q-raIe-gAOo-unsplash.jpg,a product shot of sks brand item
joey-r-By5YAamDQ-g-unsplash.jpg,a product shot of sks brand item
amin-rk-dxXgt6rdia8-unsplash.jpg,a product shot of sks brand item
karlis-lodzins-vrtIb3QoIhE-unsplash.jpg,a product shot of sks brand item
alexander-sinn-85Ki4n1dsZw-unsplash.jpg,a product shot of sks brand item
amin-rk-tfe05YRnPAs-unsplash.jpg,a product shot of sks brand item
take-away-food-composition-with-pastry.jpg,a product shot of sks brand item
brandon-romanchuk-cStt0Q5M1ko-unsplash.jpg,a product shot of sks brand item
laura-chouette-Zrbg4xDmN-E-unsplash.jpg,a product shot of sks brand perfume
brad-pouncey-eQoUaHxOSR4-unsplash.jpg,a product shot of sks brand item
lasse-jensen-QGEkV61GkoU-unsplash.jpg,a product shot of sks brand item
laura-chouette-uYGFp5ecV3g-unsplash.jpg,a product shot of sks brand perfume
mauro-lima-J3l4ZtlQgXI-unsplash.jpg,a product shot of sks brand item
mohammadreza-babaei-LUN2Pkb4iPI-unsplash.jpg,a product shot of sks brand item
amr-taha-X8LPkJM0wuU-unsplash.jpg,a product shot of sks brand item
laura-chouette-W-4nCz6s-gE-unsplash.jpg,a product shot of sks brand perfume
sanju-pandita-36MiHf2KKr8-unsplash.jpg,a product shot of sks brand item
rishav-patwa-55lX32n4nL4-unsplash.jpg,a product shot of sks brand item
jason-zhang--lnvREpbLu0-unsplash.jpg,a product shot of sks brand item
laura-chouette-Bn1d2NR7xq8-unsplash.jpg,a product shot of sks brand perfume
pexels-kristi-244325.jpg,a product shot of sks brand item
amanz-XE5P1TufWis-unsplash.jpg,a product shot of sks brand item
sebastian-santacruz-WXUbXl5ODA4-unsplash.jpg,a product shot of sks brand item
laura-chouette-ElHF58EKEcI-unsplash.jpg,a product shot of sks brand perfume
aurela-redenica-yrYjy3VbgEE-unsplash.jpg,a product shot of sks brand item
pexels-introspectivedsgn-5808361.jpg,a product shot of sks brand item
shan-a-rajpoot-n7tGJrrmqRA-unsplash.jpg,a product shot of sks brand item
i-m-zion-d7MQrmXntKg-unsplash.jpg,a product shot of sks brand item
margalit-toyber-OI-XW5ih1BI-unsplash.jpg,a product shot of sks brand item
laura-chouette-QSDm3zrysz4-unsplash.jpg,a product shot of sks brand perfume
i-m-zion-dsUSeVkh5-U-unsplash.jpg,a product shot of sks brand item
mohammad-abbasi-xN6TAH_fltc-unsplash.jpg,a product shot of sks brand item
raul-de-los-santos-6tpdFZtbj0E-unsplash.jpg,a product shot of sks brand item
mahfuz-imi-2_P-B93fcPs-unsplash.jpg,a product shot of sks brand item
alexander-lunin-FuED0yzhXIs-unsplash.jpg,a product shot of sks brand item
mishaal-zahed-ipejCsOQ4lE-unsplash.jpg,a product shot of sks brand item
patricia-palma-MR013UWzxI0-unsplash.jpg,a product shot of sks brand item
daniel-korpai-mO-uPVwGVI0-unsplash.jpg,a product shot of sks brand item
altumcode-MVZypyBygdo-unsplash.jpg,a product shot of sks brand item
mehmet-ali-turan-qJTqZFjL95c-unsplash.jpg,a product shot of sks brand item
pengye-chen-gDJW9730rA4-unsplash.jpg,a product shot of sks brand item
alphacolor-r6RCPk1X91c-unsplash.jpg,a product shot of sks brand item
airam-dato-on-51fofnV_dr4-unsplash.jpg,a product shot of sks brand item
sayan-majhi-hTrQ1Bm9Xk0-unsplash.jpg,a product shot of sks brand item
ian-talmacs-VyMJNAjZhVU-unsplash.jpg,a product shot of sks brand item
brad-pouncey-LqRu6efHc44-unsplash.jpg,a product shot of sks brand item
steven-rector-99raW02QqP8-unsplash.jpg,a product shot of sks brand item
indivar-kaushik-haj5CjUFk0A-unsplash.jpg,a product shot of sks brand item
hamza-nouasria-sEEB0CtXsyI-unsplash.jpg,a product shot of sks brand item
miguelangel-perez-VCHeEan_Bs8-unsplash.jpg,a product shot of sks brand item
rosy-h-nguyen-1VtigsvA1UE-unsplash.jpg,a product shot of sks brand item
maksym-tymchyk-XYE9-NA-azY-unsplash.jpg,a product shot of sks brand item
oguz-yagiz-kara-DDDILpSLlNY-unsplash.jpg,a product shot of sks brand item
grant-davies-tIadyQtXFxg-unsplash.jpg,a product shot of sks brand item
marisa-garrido-MEvwDehdjKg-unsplash.jpg,a product shot of sks brand item
aurela-redenica-A7bg7xS5m_0-unsplash.jpg,a product shot of sks brand item
pablo-figueroa-UJ8F1h9Ypd0-unsplash.jpg,a product shot of sks brand item
denis-cherkashin-vfnau-cwx_U-unsplash.jpg,a product shot of sks brand item
maximilian-waidhas-8VGULdamgoE-unsplash.jpg,a product shot of sks brand item
obi--7XmcT6C_q0-unsplash.jpg,a product shot of sks brand item
cemrecan-yurtman-KIBY9_xdEoc-unsplash.jpg,a product shot of sks brand item
pexels-786arsalan-29233783.jpg,a product shot of sks brand item
hamza-nouasria-MY3vOtJXCT4-unsplash.jpg,a product shot of sks brand item
traci-milimo-NtqnxFhytGk-unsplash.jpg,a product shot of sks brand item
valentin-lacoste-epbRAISXCsE-unsplash.jpg,a product shot of sks brand item
triyansh-gill-gmRuQTVWRsg-unsplash.jpg,a product shot of sks brand item
tyler-SMECGd8HEtE-unsplash.jpg,a product shot of sks brand item
sayed-essam-z7YpuNwNIqU-unsplash.jpg,a product shot of sks brand item
leiada-krozjhen-kysEHHWH-Lg-unsplash.jpg,a product shot of sks brand item
pexels-philippe-alamazani-508356-27528586.jpg,a product shot of sks brand item
dan-edge-VZKl6bdFqmA-unsplash.jpg,a product shot of sks brand item
marek-studzinski-oklXtbYTP88-unsplash.jpg,a product shot of sks brand item
pedro-chosco-u7jGizKnG_4-unsplash.jpg,a product shot of sks brand item
mockup-free-5o68nmbhyY0-unsplash.jpg,a product shot of sks brand item
kadyn-pierce-ViOBPAJH69A-unsplash.jpg,a product shot of sks brand item
mehdi-pezhvak-bEV2fPKZ8b0-unsplash.jpg,a product shot of sks brand item
zhang-liven-pmC0U2VfmBY-unsplash.jpg,a product shot of sks brand item
mohammadreza-babaei-HS2xpKFPi_o-unsplash.jpg,a product shot of sks brand item
sanket-mishra-olwncwHENlQ-unsplash.jpg,a product shot of sks brand item
omar-prestwich-FVMRlSO8M8k-unsplash.jpg,a product shot of sks brand item
md-farman-lj_FnutuFq0-unsplash.jpg,a product shot of sks brand item
pexels-ashford-marx-1565533-5703661.jpg,a product shot of sks brand item
coppertist-wu-dCdLnpFJZng-unsplash.jpg,a product shot of sks brand item
tanya-yarosh-mSHRwz_FlLY-unsplash.jpg,a product shot of sks brand item
cemrecan-yurtman-CDBA3TXBOrc-unsplash.jpg,a product shot of sks brand item
mohammed-sultan-farooqui-OHhKuq_Eo44-unsplash.jpg,a product shot of sks brand item
chuttersnap-x3kLbQEtFYI-unsplash.jpg,a product shot of sks brand item
mockup-free-NeQjVgXp01s-unsplash.jpg,a product shot of sks brand item
haidan-0GODghz917E-unsplash.jpg,a product shot of sks brand item
hamza-nouasria-ksrsdzqxCPg-unsplash.jpg,a product shot of sks brand item
masood-aslami-aw7dYDD5ihw-unsplash.jpg,a product shot of sks brand item
clay-banks-w58zuM08P_A-unsplash.jpg,a product shot of sks brand item
perry-fel-Etl5FZ9A6dI-unsplash.jpg,a product shot of sks brand item
natallia-photo-ZSZIa5U0xBk-unsplash.jpg,a product shot of sks brand item
andres-jasso-jfwtA-Mt9uc-unsplash.jpg,a product shot of sks brand item
laura-chouette-eBPMdtIrZ5M-unsplash.jpg,a product shot of sks brand perfume
aakash-goel-LYkpdP46NUw-unsplash.jpg,a product shot of sks brand item
muhammet-sain-4nWGUVtz6wY-unsplash.jpg,a product shot of sks brand item
kadian-hall-ta6X7HeGVKM-unsplash.jpg,a product shot of sks brand item
rombo-8XsYSYjBcWk-unsplash.jpg,a product shot of sks brand item
saul-flores-YgCFaVdE6m0-unsplash.jpg,a product shot of sks brand item
mockuuups-t4WDIdZ1C44-unsplash.jpg,a product shot of sks brand item
laura-chouette-dcbz31jdsHA-unsplash.jpg,a product shot of sks brand perfume
wang-sheeran-dNPJaSq4wec-unsplash.jpg,a product shot of sks brand item
andrew-vincentio-53PCXHWqF7Q-unsplash.jpg,a product shot of sks brand item
samuel-lopes-FUR3LNiI2jc-unsplash.jpg,a product shot of sks brand item
arielle-allouche-ed4qFiU35Us-unsplash.jpg,a product shot of sks brand item
anna-evans-vgBwBpir3II-unsplash.jpg,a product shot of sks brand item
lasse-jensen-qFHqdoxiZs0-unsplash.jpg,a product shot of sks brand item
tony-flood-JqOZuvnD8_Y-unsplash.jpg,a product shot of sks brand item
snkrcmpny-u-QaqohCvIE-unsplash.jpg,a product shot of sks brand item
virginia-berbece-y6440BymShk-unsplash.jpg,a product shot of sks brand item
jason-mitrione-f78crHF-FCA-unsplash.jpg,a product shot of sks brand item
samuel-lopes-unwG7xmIy3k-unsplash.jpg,a product shot of sks brand item
karly-jones-t-mgZnfCvrg-unsplash.jpg,a product shot of sks brand item
eve-maier-M3PWXjCiRbQ-unsplash.jpg,a product shot of sks brand item
sara-dubler-2u7KhYAl24A-unsplash.jpg,a product shot of sks brand item
mockup-free--Av84zR6Ni0-unsplash.jpg,a product shot of sks brand item
jaimy-de-hon-tDVdy6ku378-unsplash.jpg,a product shot of sks brand item
kurt-z-rWDBzo5ZTTE-unsplash.jpg,a product shot of sks brand item
nathan-dumlao-J5LwvuesLYw-unsplash.jpg,a product shot of sks brand item
2h-media-jchDR8dTjY0-unsplash.jpg,a product shot of sks brand item
luke-peterson-lUMj2Zv5HUE-unsplash.jpg,a product shot of sks brand item
laura-chouette-mBn7-waaHGY-unsplash.jpg,a product shot of sks brand perfume
pexels-introspectivedsgn-9544543.jpg,a product shot of sks brand item
brandon-romanchuk-eIzFrxkTcz0-unsplash.jpg,a product shot of sks brand item
pexels-cheng-9280137-20212827.jpg,a product shot of sks brand item
andhika-aviariputra-5tOetmBLdaI-unsplash.jpg,a product shot of sks brand item
mehmet-ali-turan-nlzBEf4Mabo-unsplash.jpg,a product shot of sks brand item
yitzhak-rodriguez-nPJjgMnTEE8-unsplash.jpg,a product shot of sks brand item
sally-nweiser-T4PQWBAPDNE-unsplash.jpg,a product shot of sks brand item
ashley-piszek-LRbXVoVtuSw-unsplash.jpg,a product shot of sks brand item
mohammad-dadkhah-oHos2n7ypvM-unsplash.jpg,a product shot of sks brand item
brett-jordan-5cNCjUZ1kdo-unsplash.jpg,a product shot of sks brand item
nikolai-chernichenko-M46Rf58GkD8-unsplash.jpg,a product shot of sks brand item
pexels-olenkabohovyk-12801441.jpg,a product shot of sks brand item
jan-zinnbauer-CSD5oE6sxQg-unsplash.jpg,a product shot of sks brand item
virginia-berbece-1PF9nc1KZ9k-unsplash.jpg,a product shot of sks brand item
summer-rune-_0eOLqucqPM-unsplash.jpg,a product shot of sks brand item
laura-chouette-jZeIN89bpH4-unsplash.jpg,a product shot of sks brand perfume
brandon-romanchuk-NOFyRmSQfUQ-unsplash.jpg,a product shot of sks brand item
sizura-ramadhani-0y6QTXru_dc-unsplash.jpg,a product shot of sks brand item
polly-alexandra-f3rXT6NCNck-unsplash.jpg,a product shot of sks brand item
hi-estudio-DSF6_hXzEZk-unsplash.jpg,a product shot of sks brand item
obi-QPw7yKWF-qI-unsplash.jpg,a product shot of sks brand item
virginia-berbece-8r-EK4vZ9HA-unsplash.jpg,a product shot of sks brand item
hamza-nouasria-M3VaAn82XzU-unsplash.jpg,a product shot of sks brand item
gilly-riA-9LxCGo8-unsplash.jpg,a product shot of sks brand item
june-XPm4_x4yqO4-unsplash.jpg,a product shot of sks brand item
stefen-tan-1g49x5NSWH0-unsplash.jpg,a product shot of sks brand item
daniel-romero-1VCIWCTqrik-unsplash.jpg,a product shot of sks brand item
gavin-phillips-kBe668MFH2s-unsplash.jpg,a product shot of sks brand item
pexels-masudriguez-17987118.jpg,a product shot of sks brand item
i-m-zion-Et7FqdHbm70-unsplash.jpg,a product shot of sks brand item
majdah-majed-ZWmswm6Szlk-unsplash.jpg,a product shot of sks brand item
daniel-korpai-iF6LIiERNNI-unsplash.jpg,a product shot of sks brand item
beautinow-niche-perfume-aEl6VSliO8M-unsplash.jpg,a product shot of sks brand perfume
bernadett-grega-1JAp7oJ-7QI-unsplash.jpg,a product shot of sks brand item
laura-chouette-sjzg6LZCOXI-unsplash.jpg,a product shot of sks brand perfume
jaime-marrero-u4TbzFc9a8w-unsplash.jpg,a product shot of sks brand item
niclas-illg-PDronxkDybk-unsplash.jpg,a product shot of sks brand item
dare-omowale-xpyspkJq6dc-unsplash.jpg,a product shot of sks brand item
yucel-moran-BJz3WA2nV-Y-unsplash.jpg,a product shot of sks brand item
maria-lupan-uoZ7Af-uJSg-unsplash.jpg,a product shot of sks brand item
hamid-sedaghat-ijb8-nejOsU-unsplash.jpg,a product shot of sks brand item
ehsan-ahmadi-liF-5qk5ZHo-unsplash.jpg,a product shot of sks brand item
tamara-harhai-zAppY68hWNw-unsplash.jpg,a product shot of sks brand item
phuc-khang-mobile-8HxfFPoBCfE-unsplash.jpg,a product shot of sks brand item
sayan-majhi-WLd35uSG23w-unsplash.jpg,a product shot of sks brand item
jack-baxter-GREZkNUImKw-unsplash.jpg,a product shot of sks brand item
i-m-zion-VAs9a66aNa8-unsplash.jpg,a product shot of sks brand item
muhammad-osama-saleem-L42nSFPQUYY-unsplash.jpg,a product shot of sks brand item
adrian-regeci-Dx8Rese1tws-unsplash.jpg,a product shot of sks brand item
i-m-zion-jMF05Lq6Vqk-unsplash.jpg,a product shot of sks brand item
habib-dadkhah-eLyYlROMc7I-unsplash.jpg,a product shot of sks brand item
sergey-kotenev-pQuhA2F8pvA-unsplash.jpg,a product shot of sks brand item
11636813.jpg,a product shot of sks brand item
yitzhak-rodriguez-ksIGs76DnLA-unsplash.jpg,a product shot of sks brand item
kischmisch-iqkSDjYnEBo-unsplash.jpg,a product shot of sks brand item
adrian-hernandez-gn07k9Kmx9c-unsplash.jpg,a product shot of sks brand item
pexels-43717972-7407265.jpg,a product shot of sks brand item
pexels-kaan-altun-527579053-17057234.jpg,a product shot of sks brand item
alexandar-todov-d9WLUlWZ39g-unsplash.jpg,a product shot of sks brand item
laura-chouette-_tDi9bplBoc-unsplash.jpg,a product shot of sks brand perfume
dahlia-delmoradi-yvgRZUJ5HW0-unsplash.jpg,a product shot of sks brand item
pexels-kapil-739104.jpg,a product shot of sks brand item
nikolay-9BuubT2lFKs-unsplash.jpg,a product shot of sks brand item
andrew-vincentio-8sUnboC8-7Q-unsplash.jpg,a product shot of sks brand item
brad-pouncey-TYlNlvtTuGU-unsplash.jpg,a product shot of sks brand item
erik-mclean-6taBsx97FWU-unsplash.jpg,a product shot of sks brand item
martin-widenka-Emzn2jusB9A-unsplash.jpg,a product shot of sks brand item
simply-mersah-MLV5zTSzj98-unsplash.jpg,a product shot of sks brand item
caroline-attwood-E1rH__X9SA0-unsplash.jpg,a product shot of sks brand item
andrew-vincentio-I2w7RJdRJ8E-unsplash.jpg,a product shot of sks brand item
laura-chouette-uw8NsF9QdZw-unsplash.jpg,a product shot of sks brand perfume
clay-banks-BINv7gkpcfo-unsplash.jpg,a product shot of sks brand item
nik-J3ftgXZgC3s-unsplash.jpg,a product shot of sks brand item
pexels-crisferro73-692666.jpg,a product shot of sks brand item
nathan-dumlao-8WBYv0RZnbc-unsplash.jpg,a product shot of sks brand item
hamza-nouasria-J1JEjgtW6jw-unsplash.jpg,a product shot of sks brand item
laura-chouette-o5WWBF1OGD8-unsplash.jpg,a product shot of sks brand perfume
mockup-free-tREqLPuaoR0-unsplash.jpg,a product shot of sks brand item
pexels-theshuttervision-8811477.jpg,a product shot of sks brand item
11636812.jpg,a product shot of sks brand item
laura-chouette-OG0_nX3RFzw-unsplash.jpg,a product shot of sks brand perfume
mockup-free-tkO7bnBIVv8-unsplash.jpg,a product shot of sks brand item
adrian-regeci-gjHqGDvdlzg-unsplash.jpg,a product shot of sks brand item
hamza-nouasria-EdUIsPs-vOM-unsplash.jpg,a product shot of sks brand item
yousef-samuil-kJNs8Tw-TnU-unsplash.jpg,a product shot of sks brand item
laura-chouette-uRo9dbY1czQ-unsplash.jpg,a product shot of sks brand perfume
clay-banks-kaGvxRDKTIc-unsplash.jpg,a product shot of sks brand item
rupixen-wACegwBKHts-unsplash.jpg,a product shot of sks brand item
ryan-lu-hvDd-UCT24c-unsplash.jpg,a product shot of sks brand item
samsung-memory-AKBRCqBenU0-unsplash.jpg,a product shot of sks brand item
igor-muntyanu-sXtOiPTbJBE-unsplash.jpg,a product shot of sks brand item
triyansh-gill-GYJ3_l13yjU-unsplash.jpg,a product shot of sks brand item
anastasiia-ornarin-7dVmS9Sn3XI-unsplash.jpg,a product shot of sks brand item
jay-zhang-uvgTJkIm2GQ-unsplash.jpg,a product shot of sks brand item
mockup-free-lUwUXZs8lq4-unsplash.jpg,a product shot of sks brand item
sharvina-aathymoolam-VnwUmy5Wsj4-unsplash.jpg,a product shot of sks brand item
aditya-chinchure-B0kFwdNGU60-unsplash.jpg,a product shot of sks brand item
leiada-krozjhen-V_R41Yjh95k-unsplash.jpg,a product shot of sks brand item
vd-photography-rgW5F4t44Yc-unsplash.jpg,a product shot of sks brand item
ryan-plomp-jvoZ-Aux9aw-unsplash.jpg,a product shot of sks brand item
aadil-meiHJNYaUqA-unsplash.jpg,a product shot of sks brand item
miguel-tomas-V29o7LhIeUM-unsplash.jpg,a product shot of sks brand item
lena-kudryavtseva-OuFPhqtVoPg-unsplash.jpg,a product shot of sks brand item
hamza-nouasria-9qyGYNJN0nI-unsplash.jpg,a product shot of sks brand item
emad-el-byed-4ZGsbXrDQUc-unsplash.jpg,a product shot of sks brand item
hamza-nouasria-x_XDSQODS54-unsplash.jpg,a product shot of sks brand item
nafis-al-sadnan-QSVw0nKte8c-unsplash.jpg,a product shot of sks brand item
pexels-aleksandar-ljubicic-3188229-4809142.jpg,a product shot of sks brand item
pexels-introspectivedsgn-5808360.jpg,a product shot of sks brand item
pawan-kumar-9_hqNsvGaxc-unsplash.jpg,a product shot of sks brand item
rawkkim-MrwFy72cD4s-unsplash.jpg,a product shot of sks brand item
pexels-photography-maghradze-ph-1659410-15391093.jpg,a product shot of sks brand item
dev-asangbam-PxjUVc_aync-unsplash.jpg,a product shot of sks brand item
